{
  "type": "hybrid_multivariate_stochastic",
  "models": {
    "regular": {
      "model_method": "multivariate_regression",
      "coeffs": {
        "Intercept": 37.10381816362133,
        "C(priority)[T.pregnant]": 0.6579527120059285,
        "C(priority)[T.reduced_mobility]": -0.7454625517044424,
        "C(priority)[T.senior]": 0.21831706255375263,
        "C(payment_method)[T.cash]": 13.089567701072092,
        "items": 3.397306754460763
      },
      "stats": {
        "r2": 0.7191069387355292,
        "n_obs": 639921
      },
      "residual_model": {
        "prob_outlier": 0.010001234527386974,
        "abs_threshold": 256.8561626170909,
        "n_obs": 639921,
        "inlier": {
          "name": "t",
          "params": [
            2.8257874598880246,
            -5.445980060068851,
            37.61543820777818
          ],
          "ks_p": 1.5399838521842132e-160,
          "aic": 6872081.124364605
        },
        "outlier": {
          "name": "norm",
          "params": [
            280.58644671775244,
            308.58112999972093
          ],
          "ks_p": 0.0,
          "aic": 91535.81854908493
        }
      }
    },
    "express": {
      "model_method": "stochastic_rate",
      "params": {
        "setup_time": 31.311583925915425,
        "rate_dist": {
          "name": "lognorm",
          "mu": 0.9756397024943209,
          "sigma": 0.8753195030895905
        }
      },
      "stats": {
        "n_obs": 342303,
        "mean_rate": 3.7507723954550256
      }
    },
    "self_checkout": {
      "model_method": "stochastic_rate",
      "params": {
        "setup_time": 43.911546701485264,
        "rate_dist": {
          "name": "lognorm",
          "mu": 1.5017642892286514,
          "sigma": 0.6707714796405471
        }
      },
      "stats": {
        "n_obs": 149299,
        "mean_rate": 5.46954114979084
      }
    },
    "priority": {
      "model_method": "multivariate_regression",
      "coeffs": {
        "Intercept": 36.842407400271526,
        "C(priority)[T.reduced_mobility]": -1.1073598418230335,
        "C(priority)[T.senior]": 0.6337179105106885,
        "C(payment_method)[T.cash]": 13.51658285711581,
        "items": 3.491421596094188
      },
      "stats": {
        "r2": 0.7481274261684301,
        "n_obs": 40045
      },
      "residual_model": {
        "prob_outlier": 0.010013734548632788,
        "abs_threshold": 235.0824078995827,
        "n_obs": 40045,
        "inlier": {
          "name": "t",
          "params": [
            2.5253364120709723,
            -4.58191538553192,
            32.34206556415887
          ],
          "ks_p": 5.068212944022883e-12,
          "aic": 421789.54779418226
        },
        "outlier": {
          "name": "norm",
          "params": [
            227.04399893759867,
            293.8246397337928
          ],
          "ks_p": 5.98090043410262e-34,
          "aic": 5699.741170596388
        }
      }
    }
  },
  "meta": {
    "source": "outputs_teoricos",
    "description": "Hibrido: SCO/Express=StochasticRate, Otros=MultivariateRegression"
  }
}